<?xml version="1.0" encoding="UTF-8"?>
<!-- - - Licensed under the Apache License, Version 2.0 (the "License"); 
	- you may not use this file except in compliance with the License. - You 
	may obtain a copy of the License at - - http://www.apache.org/licenses/LICENSE-2.0 
	- - Unless required by applicable law or agreed to in writing, software - 
	distributed under the License is distributed on an "AS IS" BASIS, - WITHOUT 
	WARRANTIES OR CONDITIONS OF ANY KIND, either express or implied. - See the 
	License for the specific language governing permissions and - limitations 
	under the License. -->
<!DOCTYPE mycat:server SYSTEM "server.dtd">
<mycat:server xmlns:mycat="http://io.mycat/">
   

   <!-- 读写都可用的用户 -->
    <user name="root" defaultAccount="true">
        <property name="password">123456</property>
        <property name="schemas">mycat_testdb</property>

        <!-- 表级 DML 权限设置 -->
        <!--        
        <privileges check="false">
            <schema name="TESTDB" dml="0110" >
                <table name="tb01" dml="0000"></table>
                <table name="tb02" dml="1111"></table>
            </schema>
        </privileges>       
         -->
    </user>

    <!-- 只读用户 -->
    <user name="user">
        <property name="password">user</property>
        <property name="schemas">mycat_testdb</property>
        <property name="readOnly">true</property>
    </user>

</mycat:server>

